mean_ic,ic_tstat,ic_positive_rate
0.010840536845799902,4.256671768782141,0.5592485549132948
